Organization,Followed On
Mercedes-Benz TVS Sundaram Motors India,Tue Jun 18 12:03:31 UTC 2024
Leicester City Football Club,Thu Jun 13 09:37:26 UTC 2024
SRM IST Chennai,Tue Jun 11 15:35:38 UTC 2024
Microsoft,Tue Jun 11 08:16:45 UTC 2024
Microsoft Fabric,Sat Jun 08 03:45:12 UTC 2024
Microsoft Power Platform,Sat Jun 08 03:45:05 UTC 2024
Mercia Underwriting Solutions Ltd,Sat Jun 01 18:01:43 UTC 2024
4S Business Support Limited,Sat Jun 01 05:46:30 UTC 2024
INNOVENT4S OFFSHORE PRIVATE LIMITED,Sat Jun 01 05:46:09 UTC 2024
Meesh Consulting Ltd,Sat May 25 04:22:53 UTC 2024
Ayvens,Thu May 23 13:48:42 UTC 2024
Pan Asia HR Solution,Thu May 23 13:47:07 UTC 2024
Yezlaw Innovations,Wed May 08 02:51:29 UTC 2024
FinTags,Mon Mar 25 03:29:22 UTC 2024
SquareML,Sat Mar 09 18:37:17 UTC 2024
Referral Jobs (askreferral.io),Fri Mar 08 03:28:26 UTC 2024
adamsbridge,Thu Mar 07 15:35:31 UTC 2024
Data Commence,Thu Mar 07 07:13:01 UTC 2024
Sutherland,Thu Mar 07 04:56:53 UTC 2024
Chargebee,Wed Mar 06 11:25:41 UTC 2024
LTIMindtree,Tue Mar 05 07:08:31 UTC 2024
noon,Tue Mar 05 07:07:50 UTC 2024
Livspace,Tue Mar 05 07:07:28 UTC 2024
krtrimaIQ Cognitive Solutions,Tue Mar 05 07:07:12 UTC 2024
Quess Corp Limited,Tue Mar 05 07:06:37 UTC 2024
Recro,Tue Mar 05 07:06:10 UTC 2024
Nucsoft,Tue Mar 05 07:05:30 UTC 2024
Thryve Digital Health LLP,Tue Mar 05 07:04:55 UTC 2024
Live Connections,Tue Mar 05 07:04:33 UTC 2024
IGT Solutions,Tue Mar 05 07:03:25 UTC 2024
Fhyzics Business Consultants Private Limited,Tue Mar 05 07:01:53 UTC 2024
VeriPark,Tue Mar 05 07:00:49 UTC 2024
AppLogiQ,Tue Mar 05 05:33:47 UTC 2024
Damco Solutions,Mon Mar 04 15:34:07 UTC 2024
PW (PhysicsWallah),Mon Mar 04 15:26:53 UTC 2024
Kaiser Permanente,Mon Mar 04 05:26:08 UTC 2024
Gallagher & Mohan,Thu Feb 29 08:41:22 UTC 2024
Inypay,Wed Feb 28 03:34:39 UTC 2024
Novac Technology Solutions,Tue Feb 27 06:22:26 UTC 2024
Amdocs,Fri Feb 23 04:52:40 UTC 2024
KPMG India,Thu Feb 22 17:59:10 UTC 2024
"Acara Solutions India, An Aleron Company",Thu Feb 22 07:48:17 UTC 2024
Meesho,Wed Feb 21 15:56:14 UTC 2024
Wix,Wed Feb 21 11:03:20 UTC 2024
Hexaware Technologies,Tue Feb 20 04:08:11 UTC 2024
Northern Trust,Tue Feb 20 04:06:44 UTC 2024
VeARC Technologies Private Limited,Tue Feb 20 04:06:12 UTC 2024
Anonymous,Tue Feb 20 03:59:54 UTC 2024
OneData Software Solutions,Tue Feb 20 03:59:15 UTC 2024
Idyllic Services Pvt. Ltd. ,Tue Feb 20 03:57:47 UTC 2024
Isprava,Tue Feb 20 03:57:01 UTC 2024
Aviation Indeed™️,Tue Feb 20 03:55:48 UTC 2024
Yethi Consulting,Tue Feb 20 03:51:49 UTC 2024
Stader Labs,Tue Feb 20 03:51:23 UTC 2024
slice,Tue Feb 20 03:50:32 UTC 2024
72 Dragons,Tue Feb 20 03:49:26 UTC 2024
Mindsprint,Tue Feb 20 03:48:53 UTC 2024
EHNOTE,Mon Feb 19 11:31:26 UTC 2024
Yoshops.com,Mon Feb 19 11:30:28 UTC 2024
Crossover ,Fri Feb 16 14:07:12 UTC 2024
PFACTORIAL TECHNOLOGIES PVT LTD,Thu Feb 15 09:16:37 UTC 2024
Redington Limited,Thu Feb 15 04:05:04 UTC 2024
Luxoft,Wed Feb 14 12:12:25 UTC 2024
Coding Samurai,Wed Feb 14 09:17:36 UTC 2024
Afame Technologies,Tue Feb 13 11:55:58 UTC 2024
W3Schools.com,Thu Feb 08 20:24:48 UTC 2024
apna,Wed Jan 31 09:35:46 UTC 2024
J.P. Morgan,Tue Jan 30 18:43:57 UTC 2024
Forage,Tue Jan 30 18:31:05 UTC 2024
Data Science Learner Community,Tue Jan 30 15:10:06 UTC 2024
Analytics Vidhya,Tue Jan 30 15:10:05 UTC 2024
Skan,Mon Jan 29 12:51:43 UTC 2024
IDESLABS PRIVATE LIMITED,Mon Jan 29 12:47:52 UTC 2024
Bytes To Bots consultancy services,Mon Jan 29 12:47:16 UTC 2024
OneOrigin,Mon Jan 29 12:44:32 UTC 2024
MODEL Resource Services Private Limited,Mon Jan 29 12:38:53 UTC 2024
The Giving Movement,Mon Jan 29 12:38:12 UTC 2024
AGS Health,Mon Jan 29 08:53:48 UTC 2024
Arcmed,Mon Jan 29 08:53:45 UTC 2024
ArcMed Analytics and Services,Mon Jan 29 08:53:02 UTC 2024
Ventra Health,Mon Jan 29 08:41:18 UTC 2024
Excel_Trainer,Wed Jan 24 09:44:07 UTC 2024
"Advanced MS EXCEL, Power Query, Power BI skills for Business Intelligence ",Wed Jan 24 09:44:06 UTC 2024
Marpu Foundation | NGO,Mon Jan 22 13:27:46 UTC 2024
Jobaaj.com,Sun Jan 21 10:30:18 UTC 2024
Internshala,Sun Jan 21 10:14:34 UTC 2024
Psyliq,Sun Jan 21 10:14:32 UTC 2024
HiCounselor,Sun Jan 21 10:14:29 UTC 2024
Zebra BI,Sat Jan 20 06:04:22 UTC 2024
Agile Analytics,Sat Jan 20 06:04:21 UTC 2024
DATADNA,Sat Jan 20 06:04:13 UTC 2024
Astrato Analytics,Sat Jan 20 06:04:07 UTC 2024
The AI Journal,Sat Jan 20 05:57:28 UTC 2024
SteelData,Fri Jan 19 17:57:33 UTC 2024
Free Online Courses,Fri Jan 19 17:34:20 UTC 2024
DATAcated,Fri Jan 19 16:09:21 UTC 2024
ZoomCharts,Fri Jan 19 16:09:19 UTC 2024
novyPro,Fri Jan 19 16:09:18 UTC 2024
Enterprise DNA,Fri Jan 19 16:09:13 UTC 2024