Date,ShareLink,ShareCommentary,SharedUrl,MediaUrl,Visibility
2024-06-11 09:51:14,https://www.linkedin.com/feed/update/urn%3Ali%3AugcPost%3A7206231495840026624,"ğŸ‰ Exciting News! ğŸ‰ From Hard Work to Success Journey""
""""
""I am thrilled to announce that I have secured a position as a Power BI Developer at Meesh Consulting!""
""""
""This journey has been challenging yet incredibly rewarding. I am passionate about my job and cannot wait to contribute to the amazing work. Hereâ€™s to new beginnings and endless possibilities!""
""""
""#job #newjob #opentowork #powerbi #dataanalyst #linkedin","","",MEMBER_NETWORK
2024-06-10 14:37:29,https://www.linkedin.com/feed/update/urn%3Ali%3AgroupPost%3A4780594-7205941148043923456,"ğŸŒŸ **Unlocking Business Insights with Power BI** ğŸŒŸ""
""""
""In today's data-driven world, making informed decisions is crucial for business success. This is where **Power BI** comes into play. But what exactly is Power BI, and why is it so important?""
""""
""**What is Power BI?**""
""""
""Power BI is a powerful business analytics tool developed by Microsoft. It enables users to connect to a variety of data sources, transform raw data into meaningful insights, and share those insights across the organization. With intuitive dashboards, interactive reports, and advanced data visualizations, Power BI helps businesses make sense of their data in real-time.""
""""
""**Importance of Power BI:**""
""""
""1. **Data Integration:** Seamlessly connect to diverse data sources, whether it's Excel spreadsheets, cloud services, or on-premises databases, consolidating all your data in one place.""
""""
""2. **Real-Time Analytics:** Stay ahead of the curve with real-time data updates, enabling timely and data-driven decision-making.""
""""
""3. **User-Friendly Interface:** With its drag-and-drop functionality, Power BI is accessible to users of all technical levels, making it easier for everyone to engage with data.""
""""
""4. **Enhanced Collaboration:** Share insights and collaborate with team members effortlessly through shared dashboards and reports, fostering a data-centric culture.""
""""
""5. **Scalability:** Whether you're a small business or a large enterprise, Power BI scales to meet your needs, growing alongside your organization.""
""""
""6. **Advanced Analytics:** Leverage built-in AI capabilities to uncover deeper insights, predictive analytics, and data patterns that might not be immediately apparent.""
""""
""Embrace the power of your data with Power BI and transform the way you do business! ğŸ“Šâœ¨""
""""
""#PowerBI #BusinessIntelligence #DataAnalytics #DataDriven #MicrosoftPowerBI #BusinessInsights #DataVisualization #RealTimeAnalytics","","",MEMBER_NETWORK
2024-06-10 14:37:20,https://www.linkedin.com/feed/update/urn%3Ali%3Ashare%3A7205941110219636736,"ğŸŒŸ **Unlocking Business Insights with Power BI** ğŸŒŸ""
""""
""In today's data-driven world, making informed decisions is crucial for business success. This is where **Power BI** comes into play. But what exactly is Power BI, and why is it so important?""
""""
""**What is Power BI?**""
""""
""Power BI is a powerful business analytics tool developed by Microsoft. It enables users to connect to a variety of data sources, transform raw data into meaningful insights, and share those insights across the organization. With intuitive dashboards, interactive reports, and advanced data visualizations, Power BI helps businesses make sense of their data in real-time.""
""""
""**Importance of Power BI:**""
""""
""1. **Data Integration:** Seamlessly connect to diverse data sources, whether it's Excel spreadsheets, cloud services, or on-premises databases, consolidating all your data in one place.""
""""
""2. **Real-Time Analytics:** Stay ahead of the curve with real-time data updates, enabling timely and data-driven decision-making.""
""""
""3. **User-Friendly Interface:** With its drag-and-drop functionality, Power BI is accessible to users of all technical levels, making it easier for everyone to engage with data.""
""""
""4. **Enhanced Collaboration:** Share insights and collaborate with team members effortlessly through shared dashboards and reports, fostering a data-centric culture.""
""""
""5. **Scalability:** Whether you're a small business or a large enterprise, Power BI scales to meet your needs, growing alongside your organization.""
""""
""6. **Advanced Analytics:** Leverage built-in AI capabilities to uncover deeper insights, predictive analytics, and data patterns that might not be immediately apparent.""
""""
""Embrace the power of your data with Power BI and transform the way you do business! ğŸ“Šâœ¨""
""""
""#PowerBI #BusinessIntelligence #DataAnalytics #DataDriven #MicrosoftPowerBI #BusinessInsights #DataVisualization #RealTimeAnalytics","","",MEMBER_NETWORK
2024-04-16 14:19:24,https://www.linkedin.com/feed/update/urn%3Ali%3AugcPost%3A7186005264225964032,"Day 7""
""SQL challenge and testing out knowledge. ""
""""
""#opentowork #job #career #data #linkedinpost","","",MEMBER_NETWORK
2024-04-13 12:06:13,https://www.linkedin.com/feed/update/urn%3Ali%3AugcPost%3A7184884584801615874,"Day 6""
""SQL challenge and testing out knowledge. ""
""""
""#sql #linkedinpost #interviewquestion #opentowork #hiring #analyst #data","","",MEMBER_NETWORK
2024-04-10 10:12:23,https://www.linkedin.com/feed/update/urn%3Ali%3AugcPost%3A7183768774313930752,"Day 5""
""SQL Challenges and testing out knowledge.""
""""
""#linkedinpost #opentowork #sql #interviewquestion #job #open #hiring #sqldeveloper","","",MEMBER_NETWORK
2024-04-09 18:30:42,https://www.linkedin.com/feed/update/urn%3Ali%3AugcPost%3A7183531788353380354,"Day 4""
""SQL Challenge and testing out knowledge.""
""""
""#linkedin #opentowork #interviewquestion #sql #analyst","","",MEMBER_NETWORK
2024-04-07 14:54:49,https://www.linkedin.com/feed/update/urn%3Ali%3AugcPost%3A7182752684637085696,"Day 3""
""SQL Challenge and testing out knowledge. ""
""""
""#linkedin #opentowork #interviewquestion #sql #analyst","","",MEMBER_NETWORK
2024-04-06 15:10:06,https://www.linkedin.com/feed/update/urn%3Ali%3AugcPost%3A7182394145229926400,"Day 2""
""SQL learning and testing out knowledge.""
""#linkedinpost #sql #interviewquestion #interview #interview #job #opening","","",MEMBER_NETWORK
2024-04-05 09:13:59,https://www.linkedin.com/feed/update/urn%3Ali%3AugcPost%3A7181942134650859521,"ğŸ‰ Super excited to share some thrilling news with you all! ğŸ‰""
""Day 1""
""Starting today, I'll be posting daily polls featuring SQL questions with answers! ğŸ“ŠğŸ’» Make sure to check out my posts and follow for your daily dose of fun and informative questions. Let's dive into the world of SQL together! ğŸš€ #SQL #Data #Polls #DailyQuestions #interviewquestions #sqlquestions #linkedinpost #analyst #job #opening","","",MEMBER_NETWORK
2024-04-04 14:36:20,https://www.linkedin.com/feed/update/urn%3Ali%3AugcPost%3A7181660869636886531,"ğŸŒŸ Exciting Announcement! ğŸŒŸ""
""""
""Thrilled to share that our team has embarked on a transformative Diversity and Inclusion project! ğŸŒğŸ’¼""
""""
""In today's rapidly evolving world, embracing diversity isn't just a choiceâ€”it's an imperative. Our new initiative aims to foster a culture where every voice is not only heard but celebrated. ğŸ‰""
""""
""By prioritizing inclusion, we're not only enriching our workplace, but we're also unlocking innovation and driving growth. Together, we're creating an environment where everyone feels valued, respected, and empowered to reach their full potential. ğŸ’ª""
""""
""Stay tuned as we embark on this journey of progress and change! Together, we're building a brighter, more inclusive future. #DiversityandInclusion #Empowerment #Innovation #Progress ğŸŒˆğŸš€","","",MEMBER_NETWORK
2024-04-03 04:34:58,https://www.linkedin.com/feed/update/urn%3Ali%3Ashare%3A7181147144601440256,"Dear all,""
""""
""One day, you'll look back at this time in your life and be so proud of yourself for never giving up. ğŸ™ŒğŸ‰ğŸ‰ğŸ‰","","",MEMBER_NETWORK
2024-03-05 12:56:22,https://www.linkedin.com/feed/update/urn%3Ali%3AgroupPost%3A13927028-7170764078834012160,"Dear people,""
""Facing multiple rejections during interviews or day-to-day life or conversations with others can be quite disheartening. Do you think is it really the pain of rejection or the way one deals with the emotions? ""
""""
""#linkedinpost #motivation #rejections #interviewexperience #successstory #fails","","",MEMBER_NETWORK
2024-03-05 12:56:14,https://www.linkedin.com/feed/update/urn%3Ali%3Ashare%3A7170764044293853184,"Dear people,""
""Facing multiple rejections during interviews or day-to-day life and conversations with others can be quite disheartening. Do you think is it really the pain of rejection or the way one deals with the emotions? ""
""""
""#linkedinpost #motivation #rejections #interviewexperience #successstory #fails","","",MEMBER_NETWORK
2024-03-01 06:59:51,https://www.linkedin.com/feed/update/urn%3Ali%3AugcPost%3A7169224805437652992,Hey LinkedIn fam! ğŸ‘‹ Ever wondered what SQL is and why it's a game-changer in the world of data? Let's dive into the basics of SQL! ğŸ“Š,"","",MEMBER_NETWORK
2024-02-21 08:15:51,https://www.linkedin.com/feed/update/urn%3Ali%3Ashare%3A7165982439725633536,ğŸ‰Exciting news!ğŸ‰ I am thrilled to share that I have recently earned the Learntube by CareerNinja | LearnTube SQL Basic Quiz Competition and got the Certificate of Completion. This certification has provided me with the opportunity to enhance my skills and knowledge in SQL. ğŸš€ #CareerDevelopment #SQLCertification  #linkedincommunity #linkedininsights #sqlskills #sqlqueries #sql #databasemanagement #viralpost #educationalsupport #quizchallenge,"","",MEMBER_NETWORK
2024-02-19 18:47:09,https://www.linkedin.com/feed/update/urn%3Ali%3AugcPost%3A7165416538257252352,Here are the SQL interview questions with answers. Follow for more Shailesh jha.,"","",MEMBER_NETWORK
2024-02-15 11:43:23,https://www.linkedin.com/feed/update/urn%3Ali%3Ashare%3A7163860339695046656,Completely agree with the below statement.,"","",MEMBER_NETWORK
2024-02-15 04:04:19,https://www.linkedin.com/feed/update/urn%3Ali%3AugcPost%3A7163744811278163968,Comment belowâ€¦. Who is your favourite youtuber?,"","",MEMBER_NETWORK
2024-02-07 14:36:14,https://www.linkedin.com/feed/update/urn%3Ali%3Ashare%3A7161004735058046977,"I am excited to share with my LinkedIn family that I have successfully accomplished the ""Operational Excellence and Critical Thinking"" course offered by Great Learning Academy. Through this course, I have gained proficiency in enhancing operational processes and sharpening critical thinking skills. ""
""Thank you, Great Learning Academy, for this wonderful opportunity! #GreatLearningAcademy #greatlearning #glacertificate #operations #operationsanalyst #analyst #linkedinpost #operationsexcellence","","",MEMBER_NETWORK
2024-02-01 04:30:05,https://www.linkedin.com/feed/update/urn%3Ali%3AugcPost%3A7158677868539977728,"Dear people, ""
""Are you tired of applying to jobs and not getting any responses? Check out this video that provides valuable tips on how to target and attract your dream job, ace the interview, and land that job offer. Whether you're a seasoned job seeker or just starting out, this video is a must-watch. Don't miss out on the opportunity to advance your career! #jobseekers #interviewprep #motivatedmindset","","",MEMBER_NETWORK
2024-01-31 04:34:08,https://www.linkedin.com/feed/update/urn%3Ali%3AgroupPost%3A7036558-7158316500682960896,"Thank you, Elen for sharing this wonderful PowerQuery and explaining it so well. ğŸ‘ğŸ‘""
""Follow Elengeswaran C.Ehambaranathan for useful tips and doubts, especially Excel.","","",MEMBER_NETWORK
2024-01-31 04:33:58,https://www.linkedin.com/feed/update/urn%3Ali%3AugcPost%3A7158316457737474048,"Thank you, Elen for sharing this wonderful PowerQuery and explaining it so well. ğŸ‘ğŸ‘""
""Follow Elengeswaran C.Ehambaranathan for useful tips and doubts, especially Excel.","","",MEMBER_NETWORK
2024-01-30 18:10:21,https://www.linkedin.com/feed/update/urn%3Ali%3AugcPost%3A7158159516386144256,"Dear People, ""
""ğŸš€ Excited to share my latest achievement! ğŸš€""
""""
""Power BI on Forage program at PwC Switzerland, and what an incredible experience it was! ğŸ“ŠğŸ’¼""
""""
""I successfully completed a challenging job simulation, honing my Power BI skills to better understand clients and their unique data visualization needs. ğŸ’ª Demonstrating my expertise, I crafted Power BI dashboards that not only conveyed key performance indicators (KPIs) effectively but also showcased my ability to respond to client requests with well-designed solutions.""
""""
""But it doesn't stop there! ğŸ“ˆâœ‰ï¸""
""""
""My strong communication skills came into play during concise and informative email exchanges with engagement partners. I delivered valuable insights and actionable suggestions based on data analysis, emphasizing my commitment to providing solutions that matter.""
""""
""I took a deep dive into HR data, focusing particularly on gender-related KPIs. Using my analytical problem-solving skills, I identified root causes for gender balance issues at the executive management level. This experience underscored my dedication to data-driven decision-making and my contribution to fostering an inclusive workplace.""
""""
""Huge thanks to the Forage Virtual Internship Program for placing their trust in me and providing the opportunity to grow. ğŸŒŸ Excited to make the most of this experience and contribute my best! ""
""""
""Grateful for the opportunity to continuously learn and grow! ğŸŒ± Let's connect and discuss how we can collaborate to turn data into insights. #PowerBI #DataVisualization #Analytics #PwCSwitzerland #DataDrivenDecisionMaking #linkedinconnections #linkedin #dataanalysis #dataanalytics #virtualinternship #internshipjourney #internships #job #linkedincontent ""
""","","",MEMBER_NETWORK
2024-01-30 07:51:02,https://www.linkedin.com/feed/update/urn%3Ali%3Ashare%3A7158003658901614594,"Just wrapped up a Walmart Sales Dashboard using Power BI! ğŸ“Š I'm thrilled to share that I've successfully completed the development of a comprehensive Walmart Sales Dashboard using Power BI! ğŸ›’ğŸ’¼""
""""
""The dashboard provides sales and profit data for a retailer across 11 US states, covering the years 2011-2015. The top states were California and Washington, with total sales of 725,460 and total profit of 108,420. Top selling product categories were Chairs (14%) and Phones (13.6%).""
""""
""To create this dashboard, I used Microsoft Power BI and Microsoft Power Query with the Jobaaj Learning dataset. You can find the link to the dataset here: https://lnkd.in/gDh4QGAf""
""""
""But the real value of this dashboard comes from the data storytelling approach I used. By following a framework that sets context, presents key insights, identifies opportunities, humanizes with personas, tells a coherent story, and presents recommendations, we turned disparate metrics into an engaging narrative to drive business decisions. ""
""""
""Data comes alive when we humanize it and show its implications. This dashboard has revealed opportunities to optimize profit and sales in undersold markets by applying insights from top states and categories. ""
""""
""What do you think about this data storytelling approach? Have you used it in your own work? Share your thoughts in the comments! #PowerBI #DataStorytelling #SalesDashboard #PowerBI #DataAnalytics #DataVisualization #BusinessIntelligence #WalmartSales #Dashboard #DataDrivenDecisions #Analytics #BusinessInsights #linkedinpost","","",MEMBER_NETWORK
2024-01-28 08:10:21,https://www.linkedin.com/feed/update/urn%3Ali%3AgroupPost%3A13927028-7157283747661312000,Absolutely!.. I agreed with the statement.,"","",MEMBER_NETWORK
2024-01-27 06:41:55,https://www.linkedin.com/feed/update/urn%3Ali%3Ashare%3A7156899104168595456,Absolutely!.. I agreed with the statement.,"","",MEMBER_NETWORK
2024-01-26 15:12:42,https://www.linkedin.com/feed/update/urn%3Ali%3AugcPost%3A7156665259557031937,"Hello people, ""
""Coming with great information... Here are the unique project ideas for data analytics or business analytics field.","","",MEMBER_NETWORK
2024-01-24 08:56:58,https://www.linkedin.com/feed/update/urn%3Ali%3AugcPost%3A7155845925779775488,"ğŸ“Š Exciting news! I have just completed my comprehensive Call Center Trends Dashboard using Power BI! ğŸš€""
""""
""This dynamic dashboard offers a bird's-eye view of crucial metrics, providing valuable insights into call center performance. From call volumes and response times to customer satisfaction scores, it's all at your fingertips. ğŸŒğŸ’¼""
""""
""Key Features:""
""âœ… Real-time Data Visualization""
""âœ… Comparative Analysis of Call Metrics""
""âœ… Customer Satisfaction Trends""
""âœ… Agent Performance Metrics""
""""
""KPI Includes (my project):""
""ğŸ‘â¡ï¸Overall customer satisfaction""
""ğŸ‘â¡ï¸Overall calls answered and abandoned""
""ğŸ‘â¡ï¸Calls by time""
""ğŸ‘â¡ï¸Average speed of answer""
""ğŸ‘â¡ï¸Agents performance quadrant.""
""""
""OneDrive Link: https://lnkd.in/gF5jMD6r""
""Github Link: https://lnkd.in/g_TvUR8J""
""""
""I'm excited about the impact this will have on enhancing customer experiences and streamlining operations. ğŸŒŸ""
""""
""A huge shoutout to the amazing team for their collaboration and dedication throughout the development process. ğŸ™ŒğŸ‘¥""
""""
""Let's discuss how data analytics can elevate your business strategies! Feel free to reach out if you'd like to learn more about the project. Let's continue to #EmpowerThroughData. ğŸ’¼ğŸ“Š #PowerBI #DataAnalytics #CallCenterTrends #BusinessIntelligence #datadrivendecisions","","",MEMBER_NETWORK
2024-01-22 12:47:20,https://www.linkedin.com/feed/update/urn%3Ali%3Ashare%3A7155179125781991424,"Dear connections, ""
""""
""Here are the solutions for Master in SQL 30 days challenge. Keep learning!.. Keep growing!..","","",MEMBER_NETWORK
2024-01-22 06:37:24,https://www.linkedin.com/feed/update/urn%3Ali%3Ashare%3A7155086026812661760,"ğŸŒŸ Urgent Appeal: Support 500 Cancer Patients in Their Fight for Life ğŸŒŸ""
""""
""Dear LinkedIn Community,""
""""
""I am reaching out to you with a heartfelt plea to join hands in a cause that is close to my heart. The Nargis Dutt Foundation is currently raising funds to provide urgent chemotherapy for 500 cancer patients who are bravely battling for their lives.""
""""
""Cancer is a relentless foe, and these individuals need our support to access critical treatment. Every donation, big or small, can make a significant impact on their journey toward recovery. Your contribution will directly contribute to ensuring that these patients receive the essential care they require.""
""""
""ğŸŒˆ Let's make a difference together! Click the link below to donate and be a part of this noble cause:""
""""
""Donation Link: https://r.give.do/XXuFALiv""
""""
""Your generosity will bring hope and healing to those in need. Share this post, spread the word, and let's rally together to make a positive impact on the lives of these fighters.""
""""
""Thank you for your compassion and support. Together, we can make a meaningful difference!""
""""
""#CancerAwareness #DonateNow #NargisDuttFoundation #SupportCancerPatients #CommunityStrong ğŸ’™",https://r.give.do/cp3UNfEh,"",MEMBER_NETWORK
2024-01-20 15:12:04,https://www.linkedin.com/feed/update/urn%3Ali%3Ashare%3A7154490770694045696,"Dear Connections, ""
""ğŸ“Š Exciting News! ğŸš€ The January 2024 DataDNA - Dataset Challenge is officially LIVE! As a data enthusiast, I'm thrilled to share that I've just completed my PowerBI Udemy dashboard project in preparation for this stimulating challenge. ""
""""
""A big shoutout to our esteemed partners and sponsors - Onyx Data, ZoomCharts, The AI Journal, DATADNA, DATAcated, Data Career Jumpstart for making this challenge possible. Their support has been instrumental in creating an environment that fosters innovation and excellence in the field of data science.""
""""
""Special thanks to my friend Simranjit Kaur, who has been an incredible source of support throughout this journey. Teamwork truly makes the dream work! ğŸ’ª""
""""
""I welcome constructive feedback on my project. If you notice any areas for improvement or have suggestions to enhance my work, please feel free to share your insights. Your input is invaluable, and I am eager to refine my skills further.""
""""
""Let's embrace the spirit of collaboration and push the boundaries of what's possible in the world of data. May this challenge inspire us to discover new insights, unlock hidden patterns, and contribute to the ever-evolving landscape of data science.""
""""
""Join me in the excitement of the DataDNA - Dataset Challenge! ğŸŒ #DataScience #DataChallenge #DataDNA #Innovation #DataAnalytics #PowerBI #UdemyProject #Collaboration #TheAIJournal #OnyxData #ZoomCharts #DataCareerJumpstart #DATAcated #DataDNAChallenge #DataAnalysis #DataVisualization #Teamwork #learningjourney","","",MEMBER_NETWORK
2024-01-19 03:57:49,https://www.linkedin.com/feed/update/urn%3Ali%3Ashare%3A7153958704189468672,"Dear Connections, ""
"".""
""No worries!.. Here are the ideas for crafting your perfect CV.","","",MEMBER_NETWORK
2024-01-18 11:41:37,https://www.linkedin.com/feed/update/urn%3Ali%3Ashare%3A7153713034841018369,"ğŸ“Š Exploring the World of Data Analytics: Unveiling the Role of a Data Analyst""
"". ""
""In the era of big data, businesses are turning to data analytics to derive meaningful insights and make informed decisions. But what exactly is data analytics, and who is a data analyst?""
"".""
""What is Data Analytics?""
""Data analytics is the process of examining raw data to uncover hidden patterns, correlations, and trends. It involves the use of various tools, technologies, and techniques to transform data into actionable insights. The goal is to extract valuable information that can guide decision-making and drive business success.""
"".""
""Who is a Data Analyst?""
""A data analyst is a skilled professional responsible for interpreting complex data sets and providing valuable insights to support organizational decision-making. They possess a unique blend of analytical, statistical, and technical skills, allowing them to navigate through vast amounts of data to extract meaningful conclusions.""
"".""
""Key Responsibilities of a Data Analyst:""
""1. Data Collection: Gathering and compiling data from various sources.""
""2. Data Cleaning: Ensuring data accuracy and removing inconsistencies.""
""3. Data Analysis: Using statistical methods and tools to analyze patterns and trends.""
""4. Data Visualization: Presenting findings through charts, graphs, and dashboards.""
""5. Reporting: Communicating insights to stakeholders in a clear and concise manner.""
"".""
""Applications of Data Analytics:""
""1. Business Intelligence: Enhancing decision-making processes.""
""2. Predictive Analytics: Forecasting future trends and outcomes.""
""3. Market Research: Understanding consumer behavior and preferences.""
""4. Risk Management: Identifying potential risks and mitigating strategies.""
""5. Optimization: Improving efficiency and resource allocation.""
"".""
""Why is Data Analytics Important?""
""Data analytics empowers organizations to make data-driven decisions, gain a competitive edge, and innovate in their respective industries. It transforms raw data into actionable intelligence, paving the way for improved strategies, enhanced customer experiences, and overall business growth.""
"".""
""In a data-driven world, data analytics and the role of a data analyst are pivotal. These professionals bridge the gap between raw data and strategic insights, contributing significantly to the success of modern businesses. Whether you're a seasoned data analyst or someone intrigued by the field, the journey into the world of data analytics promises continuous learning and exciting opportunities. Embrace the power of data and unlock a new dimension of possibilities! ""
""#dataanalytics #DataAnalyst #BusinessIntelligence #AnalyticsInAction #data #datacleaning #topvoice","","",MEMBER_NETWORK
2024-01-06 10:30:52,https://www.linkedin.com/feed/update/urn%3Ali%3Ashare%3A7149346576560250880,"Hello LinkedIn community! ""
""I hope this post finds you well. I am thrilled to announce that I am actively seeking opportunities in the realm of Data Analysis or Business Analysis. Completed the IBM Data Analyst Professional Certificate, refining my skills and knowledge in the field. Successfully executed various projects that honed my analytical abilities. ""
""Proficient in Advanced Excel, SQL, PowerBI, Tableau, and ChatGPT. Eager to apply my expertise in extracting valuable insights from data and contributing to data-driven decision-making processes. Open to exploring roles that allow me to leverage my skills and passion for data analysis. Collaborating with dynamic teams to drive business success through data-driven strategies. Committed to continuous learning and staying updated with the latest trends in the field.""
""""
""Any leads or recommendations would be highly appreciated! Please feel free to reach out if you have insights or if you know of any opportunities that align with my profile. ""
""""
""Let's connect and explore how we can create meaningful impacts together! ğŸŒğŸ’¡""
""âœ‰ stellamaryvs3@gmail.com""
""""
""#DataAnalysis #BusinessAnalysis #JobSeeker #Analytics #DataDriven #CareerOpportunities #OpenToWork #LinkedInCommunity #dataanalystjobs #businessanalystjobs #datacollection #dataanalyst","","",MEMBER_NETWORK
2024-01-05 13:43:38,https://www.linkedin.com/feed/update/urn%3Ali%3Ashare%3A7149032701700767744,"Hi all, ""
""I have successfully completed the ""ChatGPT for Beginners"" course offered by Great Learning Academy. #GreatLearningAcademy #greatlearning #glacertificate","","",MEMBER_NETWORK
2023-12-29 10:39:55,https://www.linkedin.com/feed/update/urn%3Ali%3Ashare%3A7146449752325304321,"If you believe in this statement? Is prayer works? ""
"".""
"".""
"".""
""Definitely prayer works!... ""
""","","",MEMBER_NETWORK
2023-12-25 12:51:37,https://www.linkedin.com/feed/update/urn%3Ali%3Ashare%3A7145033343598813184,"Merry Christmas to all my dear connections! May this holiday season bring you joy, togetherness, and laughter. Don't forget to bring out your ugly sweaters! Wishing you a prosperous and healthy new year, filled with reasons to celebrate. Let your worries melt away like the snow, and may your wishes come true this holiday season. Sending warm greetings and hoping your holidays are merry and bright! #MerryChristmas #HappyHolidays ""
"".""
"".""
""Happy Holidays!.........","","",MEMBER_NETWORK
2023-12-22 03:55:06,https://www.linkedin.com/feed/update/urn%3Ali%3Ashare%3A7143811159026974721,"Dear folks, ""
""""
""When life gives you lemons, make lemonade is a proverbial phrase used to encourage optimism and a positive can-do attitude in the face of adversity or misfortune. ""
""Lemons suggest sourness or difficulty in life; making lemonade is turning them into something positive or desirable.""
"".""
"".""
"".""
""Have a wonderful Friday!..","","",MEMBER_NETWORK
2023-12-21 05:41:31,https://www.linkedin.com/feed/update/urn%3Ali%3AgroupPost%3A7036558-7143475555152084992,"Your About section on LinkedIn is a powerful tool to help you stand out from the crowd and get noticed by potential employers or clients. But how can you make sure you're using this section effectively?""
""""
""First, think about your target audience. Who do you want to connect with on LinkedIn? What kind of impression do you want to make? Use language and keywords that resonate with your desired audience.""
""""
""Next, be sure to highlight your unique skills and experience. Don't just list your job titles and responsibilities â€“ show how you've made an impact in your industry or field. Use concrete examples to demonstrate your achievements and expertise.""
""""
""Finally, don't forget to add a personal touch to your About section. Share your passions, hobbies, or unique experiences that make you stand out. This can help you connect with others on a deeper level and build meaningful relationships.""
""""
""If you're not sure how to optimize your About section, consider using the Careerflow.ai (https://www.careerflow.ai) LinkedIn Optimization tool. It provides personalized recommendations to help you improve your LinkedIn profile and stand out to recruiters and hiring managers. #careerflow #careerflowAI ğŸŒŸ""
""""
""Download the tool now at https://lnkd.in/grRMBh62 and start taking your LinkedIn profile to the next level!","","",MEMBER_NETWORK
2023-12-21 05:41:17,https://www.linkedin.com/feed/update/urn%3Ali%3Ashare%3A7143475495324557312,"Your About section on LinkedIn is a powerful tool to help you stand out from the crowd and get noticed by potential employers or clients. But how can you make sure you're using this section effectively?""
""""
""First, think about your target audience. Who do you want to connect with on LinkedIn? What kind of impression do you want to make? Use language and keywords that resonate with your desired audience.""
""""
""Next, be sure to highlight your unique skills and experience. Don't just list your job titles and responsibilities â€“ show how you've made an impact in your industry or field. Use concrete examples to demonstrate your achievements and expertise.""
""""
""Finally, don't forget to add a personal touch to your About section. Share your passions, hobbies, or unique experiences that make you stand out. This can help you connect with others on a deeper level and build meaningful relationships.""
""""
""If you're not sure how to optimize your About section, consider using the Careerflow.ai (https://www.careerflow.ai) LinkedIn Optimization tool. It provides personalized recommendations to help you improve your LinkedIn profile and stand out to recruiters and hiring managers. #careerflow #careerflowAI ğŸŒŸ""
""""
""Download the tool now at https://lnkd.in/grRMBh62 and start taking your LinkedIn profile to the next level!","","",MEMBER_NETWORK
2023-11-30 17:12:49,https://www.linkedin.com/feed/update/urn%3Ali%3AugcPost%3A7136039378547609600,"Hi everyone - I am looking for a new role and would appreciate your support. Thank you in advance for any connections, advice, or opportunities you can offer. #OpenToWork","","",MEMBER_NETWORK
2023-11-10 05:04:24,https://www.linkedin.com/feed/update/urn%3Ali%3Ashare%3A7128608309007306752,"Dear folks, ""
"".""
"".""
""Remember the days you prayed for the things you have now!â€¦""
""Gratitude... ""
""Graceful... ""
""Thankful...","","",MEMBER_NETWORK
2023-10-31 09:21:38,https://www.linkedin.com/feed/update/urn%3Ali%3Ashare%3A7125049165625135105,"Dear folks, ""
""""
""One day, you will tell your story of how you overcame what you went through and it will be someone else's survival guide. ""
"".""
"".""
""Have a great day!..","","",MEMBER_NETWORK
2023-10-26 16:35:38,https://www.linkedin.com/feed/update/urn%3Ali%3Ashare%3A7123346446476582912,"Dear Connections, ""
""I am thrilled to announce that I have successfully completed the IBM Data Analyst Professional Course on Coursera. This journey has been an incredible learning experience, and I am overflowing with gratitude for the opportunity to engage with this comprehensive program.Â ğŸ˜Š ""
""""
""First and foremost, I would like to express my gratitude to Coursera for providing a platform that connects learners with world-class educational resources. The convenience and flexibility of online learning have allowed me to pursue my passion for data analysis without compromising my professional commitments. ""
""""
""I am also deeply thankful to IBM for developing this Data Analyst Professional Course. The course content, which included data analysis, data visualization, Python and SQL, was meticulously designed to provide a well-rounded education in the field of data analysis. The practical, hands-on approach to learning and the real-world case studies were invaluable in enhancing my skills and understanding of data analysis.""
""""
""I am indebted to the course instructors and mentors who guided me through this journey. Their expertise, commitment, and willingness to share their knowledge enriched my learning experience. I am grateful for their dedication and the supportive community of fellow learners on the platform who made the learning process engaging and collaborative.""
""""
""Completing this course has equipped me with the skills and knowledge necessary to excel in the field of data analysis. It has opened up new career opportunities and deepened my understanding of the role of data in decision-making processes. I look forward to applying what I have learned in practical scenarios and making a meaningful impact with data-driven insights.""
""""
""In conclusion, I am thankful for the opportunity to embark on this educational journey through Coursera and IBM. This experience has been transformative, and I am excited about the doors it will open in my professional life. I am committed to continuing my learning journey and using the knowledge I've gained to contribute to the exciting world of data analysis. ""
""""
""Thank you, Coursera and IBM, for making this possible.""
""""
""IBM Skills Network",https://coursera.org/share/5bb20c72a9645976315490497abbe0d1,"",MEMBER_NETWORK
2023-10-21 04:43:25,https://www.linkedin.com/feed/update/urn%3Ali%3Ashare%3A7121355272903692288,"Dear connections, ""
"".""
"".Happy weekend.""
"".""
""BelowğŸ‘‡ğŸ‘‡ğŸ‘‡","","",MEMBER_NETWORK
2023-10-17 09:03:31,https://www.linkedin.com/feed/update/urn%3Ali%3Ashare%3A7119971175572656128,"Dear Folks, ""
"".""
""Believe yourselfğŸ˜Š""
"".""
""Appreciate yourself ğŸ˜Š""
"".""
""Love yourselfğŸ˜Š""
"".""
""Stay realğŸ˜Š""
"".""
""Stay loyalğŸ˜Š""
"".""
"". ""
""Have a wonderful day!..","","",MEMBER_NETWORK
2023-10-14 06:21:54,https://www.linkedin.com/feed/update/urn%3Ali%3AugcPost%3A7118843343203168256,"Dear Folks, ""
""""
""ğŸ”¹What is mental health?""
""ğŸ”¹What do I do if the support doesn't help? ""
""ğŸ”¹Can you prevent mental health problems? ""
""ğŸ”¹Are there cures for mental health problems?""
""ğŸ”¹What causes mental health problems?""
""ğŸ”¹What do I do if I'm worried about my mental health?""
""ğŸ”¹How do I know if I'm unwell?""
""ğŸ”¹Our mental health is so important?""
""ğŸ”¹Mental health is necessary?""
""ğŸ”¹Why?""
"".""
"".","","",MEMBER_NETWORK
2023-10-13 17:34:18,https://www.linkedin.com/feed/update/urn%3Ali%3Ashare%3A7118650165665660929,"Thank you, #SkillUp by #Simplilearn ğŸ™Œ""
""                    ğŸ“¢ I am super excited to share that Iâ€™ve just completed Introduction to SQL. ğŸ“""
""                    ""
""                    I had a great experience learning industry-aligned skills of Software Development""
""                    ""
""                    Iâ€™d recommend #SkillUp by #Simplilearn to anyone looking to learn todayâ€™s in-demand professional skills. Keep learning and adding the valued certificates to your professional portfolio. ğŸŒŸ""
""                    ""
""                     Explore 200+ free courses: https://lnkd.in/gQcVzPc3  ""
""                    ""
""                     #Upskilling #SoftwareDevelopment #Certification #JobReady #SkillUpBySimplilearnâ€",https://simpli-web.app.link/e/rjY6CKJVRDb,https://certificates.simplicdn.net/share/thumb_4451591_1691682638.png,MEMBER_NETWORK
2023-10-13 03:00:16,https://www.linkedin.com/feed/update/urn%3Ali%3Ashare%3A7118430212152823810,"Dear connections,""
""""
""You've never needed someone to complete you. ""
"".""
"".""
""You just needed someone to remind you.""
"".""
"".""
""How amazingly complete you already are. ""
"".""
"".""
""Happy weekend!..","","",MEMBER_NETWORK
2023-10-12 05:05:38,https://www.linkedin.com/feed/update/urn%3Ali%3Ashare%3A7118099370956197890,"Dear Folks, ""
""""
""You are stronger than you think. ğŸ‘""
""You are prettier than you think.ğŸ‘""
""You have gotten through every bad day in your life.ğŸ‘""
""It's your life. Learn more about yourselfğŸ‘""
""Keep focusing on your goal. ğŸ‘""
""Keep growing.ğŸ‘""
"".""
"".""
""Have a wonderful dayğŸ‘","","",MEMBER_NETWORK
2023-10-11 05:00:09,https://www.linkedin.com/feed/update/urn%3Ali%3Ashare%3A7117735606847246336,"Dear connections,""
"".""
"".""
""Don't you dare stop growing? ""
"".""
"".""
"".""
""Don't you dare stop glowing? ""
"".""
"".""
"".""
""Continue to be that beautiful beam of light that you are.""
"".""
"".""
""Have a blessed day!..ğŸ˜Š","","",MEMBER_NETWORK
2023-10-09 04:52:21,https://www.linkedin.com/feed/update/urn%3Ali%3Ashare%3A7117008865472212992,"Written by yourself. Have a great day...ğŸ˜Š""
"".""
"".""
"".""
""What's your feel?","","",MEMBER_NETWORK
2023-10-06 10:37:54,https://www.linkedin.com/feed/update/urn%3Ali%3Ashare%3A7116008662204116992,"How to win your mind? ""
""Keep learning ""
""Keep rocking ""
""ğŸ‘ğŸ‘","","",MEMBER_NETWORK
2023-09-26 05:08:58,https://www.linkedin.com/feed/update/urn%3Ali%3AugcPost%3A7112302005376679937,"ğŸ‘ğŸ‘ğŸ‘ Don't fear Criticism. Know when it comes, it's the result of your success, not your failures.","","",MEMBER_NETWORK
2023-09-06 18:38:35,https://www.linkedin.com/feed/update/urn%3Ali%3AugcPost%3A7105257995252506624,"","","",MEMBER_NETWORK
2023-09-05 05:23:32,https://www.linkedin.com/feed/update/urn%3Ali%3Ashare%3A7104695527841157120,"","","",MEMBER_NETWORK
